12/01/2021 | Nom :dfgd Prenom :D Mail :rrrsd@ss.sr Type :Recommendation(s)
Commentaire: c'est nul lol
13/01/2021 | Nom :dfgd Prenom :d Mail :df@fdf.ff Type :Avis
Commentaire : gh
13/01/2021 | Nom :dfgd Prenom :d Mail :df@fdf.ff Type :Avis
Commentaire : gh
13/01/2021 | Nom :dfgd Prenom :d Mail :df@fdf.ff Type :Avis
Commentaire : gh
13/01/2021 | Nom :dfgd Prenom :d Mail :df@fdf.ff Type :Avis
Commentaire : gh
13/01/2021 | Nom :dfgd Prenom :d Mail :df@fdf.ff Type :Avis
Commentaire : gh
13/01/2021 | Nom :dfgd Prenom :d Mail :df@fdf.ff Type :Avis
Commentaire : gh
13/01/2021 | Nom :dfgd Prenom :d Mail :df@fdf.ff Type :Avis
Commentaire : gh
13/01/2021 | Nom :dfgd Prenom :d Mail :df@fdf.ff Type :Avis
Commentaire : gh
13/01/2021 | Nom :dfgd Prenom :d Mail :df@fdf.ff Type :Avis
Commentaire : gh
13/01/2021 | Nom :dfgd Prenom :d Mail :df@fdf.ff Type :Avis
Commentaire : gh
13/01/2021 | Nom :dfgd Prenom :d Mail :df@fdf.ff Type :Avis
Commentaire : gh
13/01/2021 | Nom :dfgd Prenom :d Mail :df@fdf.ff Type :Avis
Commentaire : gh
13/01/2021 | Nom :dfgd Prenom :d Mail :putepro@gmail.rr Type :Recommendation(s)
Commentaire : nonnnnnnn
13/01/2021 | Nom :dfgd Prenom :d Mail :putepro@gmail.rr Type :Recommendation(s)
Commentaire : nonnnnnnn
13/01/2021 | Nom :dfgd Prenom :d Mail :putepro@gmail.rr Type :Recommendation(s)
Commentaire : nonnnnnnn
13/01/2021 | Nom :XRR Prenom :d Mail :putepro@gmail.rr Type :Avis
Commentaire : J'aime cette endroit.
13/01/2021 | Nom :XRR Prenom :d Mail :putepro@gmail.rr Type :Avis
Commentaire : J'aime cette endroit.
13/01/2021 | Nom :dfgd Prenom :d Mail :putepro@gmail.rr Type :Problème(s) technique(s)
Commentaire : oui
13/01/2021 | Nom :dfgd Prenom :d Mail :putepro@gmail.rr Type :Problème(s) technique(s)
Commentaire : oui
13/01/2021 | Nom :FPD Prenom :PD Mail :j@jjj.gg Type :Avis
Commentaire : JEN AI MARRE
13/01/2021 | Nom :sqfdsf Prenom :dsf Mail :sdsd@ss.ss Type :Problème(s) technique(s)
Commentaire : qsfff
13/01/2021 | Nom :D Prenom :f Mail : Type :Problème(s) technique(s)
Commentaire : dg
13/01/2021 | Nom :D Prenom :f Mail :awesomebobglitchy4@outlook.com Type :Problème(s) technique(s)
Commentaire : dg
13/01/2021 | Nom :sgerg Prenom :sagerspoo Mail :awesomebobglitchy4@outlook.com Type :Recommendation(s)
Commentaire : ouiui

14/01/2021 08:31 | Nom :sgerg Prenom :D Mail :awesomebobglitchy4@outlook.com Type :Recommendation(s)
Commentaire : dgff

16/04/2021 20:55 | Nom : sdfddf, Prenom : sdfsdf, Mail : 897489@dfgdg.fr.
Commentaire : dfgdfdfgdfg

16/04/2021 20:56 | Nom : sdfddf, Prenom : sdfsdf, Mail : 897489@dfgdg.fr.
Commentaire : dfgdfdfgdfg

16/04/2021 20:56 | Nom : sdfddf, Prenom : sdfsdf, Mail : 897489@dfgdg.fr.
Commentaire : dfgdfdfgdfg

16/04/2021 20:56 | Nom : sdfddf, Prenom : sdfsdf, Mail : 897489@dfgdg.fr.
Commentaire : dfgdfdfgdfg

16/04/2021 20:56 | Nom : sdfddf, Prenom : sdfsdf, Mail : 897489@dfgdg.fr.
Commentaire : dfgdfdfgdfg

16/04/2021 20:57 | Nom : sdfddf, Prenom : sdfsdf, Mail : 897489@dfgdg.fr.
Commentaire : dfgdfdfgdfg

16/04/2021 20:57 | Nom : sdfddf, Prenom : sdfsdf, Mail : 897489@dfgdg.fr.
Commentaire : dfgdfdfgdfg

16/04/2021 20:57 | Nom : sdfddf, Prenom : sdfsdf, Mail : 897489@dfgdg.fr.
Commentaire : dfgdfdfgdfg

16/04/2021 20:57 | Nom : sdfddf, Prenom : sdfsdf, Mail : 897489@dfgdg.fr.
Commentaire : dfgdfdfgdfg

16/04/2021 20:57 | Nom : sdfddf, Prenom : sdfsdf, Mail : 897489@dfgdg.fr.
Commentaire : dfgdfdfgdfg

16/04/2021 20:58 | Nom : sdfddf, Prenom : sdfsdf, Mail : 897489@dfgdg.fr.
Commentaire : dfgdfdfgdfg

16/04/2021 21:14 | Nom : dfgdf, Prenom : dfghfgh, Mail : dfhdfh@698548.fr.
Commentaire : dfghdfhdfgfghhfg

16/04/2021 21:15 | Nom : dfgdf, Prenom : dfghfgh, Mail : dfhdfh@698548.fr.
Commentaire : dfghdfhdfgfghhfg

16/04/2021 21:15 | Nom : dfgdf, Prenom : dfghfgh, Mail : dfhdfh@698548.fr.
Commentaire : dfghdfhdfgfghhfg

16/04/2021 21:15 | Nom : dfgdf, Prenom : dfghfgh, Mail : dfhdfh@698548.fr.
Commentaire : dfghdfhdfgfghhfg

16/04/2021 21:26 | Nom : qsdf, Prenom : sdf, Mail : qsdf@sdf.fr.
Commentaire : sdf

16/04/2021 21:28 | Nom : qsdf, Prenom : sdf, Mail : qsdf@sdf.fr.
Commentaire : sdf

16/04/2021 21:39 | Nom : sdfg, Prenom : sdg, Mail : sdg@sdg.fr.
Commentaire : <swdgdf

16/04/2021 21:39 | Nom : sdfg, Prenom : sdg, Mail : sdg@sdg.fr.
Commentaire : <swdgdf

16/04/2021 21:40 | Nom : qsdfsdf, Prenom : sdfs, Mail : qsdfs@5645678967489689674.fr.
Commentaire : sdfsdgf

16/04/2021 21:42 | Nom : qsdfsdf, Prenom : sdfs, Mail : qsdfs@5645678967489689674.fr.
Commentaire : sdfsdgf
